{"mean": [0.013218678132186782, -0.0009399060093990601, 15.686281371862814, 7.622147785221478, -0.03875612438756124, -2.108889111088891, 5.615688431156884, 5.499850014998501], "std": [0.9999126294575353, 0.9999995582881788, 7.717017917811105, 4.6103728561548305, 1.4337685459634049, 0.7015645063195437, 3.6229003999259493, 3.5072717148824353]}