{"mean": [-0.03694763052369476, -0.0012359876401235987, 45.06554434455656, 7.602512974870251, 0.022517774822251778, -0.27956720432795673, 6.530732692673073, 5.450490495095049], "std": [0.9993172031900838, 0.9999992361785237, 37.23838989433383, 4.620246315746555, 1.4469803064414593, 2.0864438320318186, 2.8123418888059777, 3.5067016290014217]}